case,load,method,J,wall_s,design_updates,newton_iterations,fallbacks,rejected_steps,volume,termination,converged
nonlinear/cantilever_weak,0.00125,SIMP-OC,0.0006487869986729747,63.70385762199294,562,1334,0,0,0.44999999999950346,convergence,True
nonlinear/cantilever_weak,0.00125,NTopo,0.000659561756596137,859.6594992764294,,,,,0.45064379805196747,native_budget,
nonlinear/cantilever_weak,0.00125,HGTO,0.0006505027527837819,14.588965167989954,322,704,0,0,0.44999999999999524,converged,True
nonlinear/cantilever_strong,0.0125,SIMP-OC,0.06373553339184065,283.1709176359873,403,3849,36,6,0.4500000000008263,convergence,True
nonlinear/cantilever_strong,0.0125,NTopo,,,,,,,,training_failed,
nonlinear/cantilever_strong,0.0125,HGTO,0.06557405641952367,41.820403126999736,324,2112,14,0,0.4499999999999975,converged,True
nonlinear/bridge,0.1,SIMP-OC,0.10351551305104381,35.56649832800031,257,589,0,0,0.4000000000003777,convergence,True
nonlinear/bridge,0.1,NTopo,,,,,,,,training_failed,
nonlinear/bridge,0.1,HGTO,0.10340694509452997,13.301714539295062,285,631,0,0,0.4000000000000001,converged,True
nonlinear/l_bracket_p0.04,0.04,SIMP-OC,0.14333945198835668,1757.0835733189888,284,5786,54,89,0.3999999999999133,convergence,True
nonlinear/l_bracket_p0.04,0.04,NTopo,0.18736148541837766,1141.549070718931,,,,,0.4000770515010951,native_budget,
nonlinear/l_bracket_p0.04,0.04,HGTO,0.14354656932642845,38.61239796085283,338,1323,6,1,0.40000000000000013,converged,True
nonlinear/l_bracket_p0.02,0.02,SIMP-OC,0.03621730745034116,43.525491298991255,265,768,0,0,0.40000000000051206,convergence,True
nonlinear/l_bracket_p0.02,0.02,HGTO,0.03642288607028002,14.557826740900055,269,648,0,0,0.39999999999999775,converged,True
nonlinear/l_bracket_p0.03,0.03,SIMP-OC,0.08084962399378086,319.1720984230051,299,2890,23,2,0.3999999999988756,convergence,True
nonlinear/l_bracket_p0.03,0.03,HGTO,0.08149402867956558,21.448396288091317,306,978,2,0,0.4000000000000001,converged,True
